id,tool_id,file_name,description,uploaded_at,uploaded_by,storage_path,is_archived
6a2debb7-6b62-484a-96bd-084a7d8ce065,deb47776-6de6-47f9-b039-10781b68add0,PRD_Consulta_CNPJ.md,"",2026-04-11 13:45:22.062007+00,f26372b2-8ff8-49e4-b59b-5ed62ab3fc44,deb47776-6de6-47f9-b039-10781b68add0/1775915120504_prd_consulta_cnpj.md,f
ff43356d-14df-4193-8313-f1b57fb36eaf,048f4f25-e2e0-4cac-8b4d-f01b95ecc3e7,ANEXADOR DE CONTAS A PAGAR - OMIE.blueprint (5).json,"",2026-04-13 19:08:52.684404+00,f26372b2-8ff8-49e4-b59b-5ed62ab3fc44,048f4f25-e2e0-4cac-8b4d-f01b95ecc3e7/1776107331763_anexador-de-contas-a-pagar---omie.blueprint-5.json,f
883c7ab2-39d7-4c66-aaee-314345a47ca3,ceeb5abb-de7b-4e1e-8ff3-055dcd2e2c7f,ANEXADOR DE CONTAS A PAGAR - OMIE - CURSO.blueprint.json,"",2026-04-13 19:17:28.021512+00,f26372b2-8ff8-49e4-b59b-5ed62ab3fc44,ceeb5abb-de7b-4e1e-8ff3-055dcd2e2c7f/1776107846640_anexador-de-contas-a-pagar---omie---curso.blueprint.json,f
e531dbb6-16d8-47ce-9d62-22898a782390,0543f7c2-5aba-408d-b6d9-e96dbebcedf3,INGESTÃO DE CONVENÇÃO COLETIVA.blueprint.json,"",2026-04-17 18:19:00.039709+00,f26372b2-8ff8-49e4-b59b-5ed62ab3fc44,0543f7c2-5aba-408d-b6d9-e96dbebcedf3/1776449939106_ingestao-de-convencao-coletiva.blueprint.json,f
9b2dd55d-04e9-4021-9d2e-5830ec0583f9,bc45f508-97b0-4a1a-acb5-430153847253,prd cct.md,"",2026-04-17 20:08:37.984995+00,f26372b2-8ff8-49e4-b59b-5ed62ab3fc44,bc45f508-97b0-4a1a-acb5-430153847253/1776456516594_prd-cct.md,f
1cd3b733-a510-42d6-844b-2919246fef40,7a9861fa-d8ff-461d-ac85-f542432c992e,INGESTÃO DE FOLHA DE PAGAMENTOS.blueprint.json,"",2026-04-17 20:33:06.648486+00,f26372b2-8ff8-49e4-b59b-5ed62ab3fc44,7a9861fa-d8ff-461d-ac85-f542432c992e/1776457984948_ingestao-de-folha-de-pagamentos.blueprint.json,f
b50a8c1a-e192-4b6b-8acc-e269e28efb47,7a9861fa-d8ff-461d-ac85-f542432c992e,sql_dp_folha_faltante.txt,"",2026-04-17 20:33:09.503604+00,f26372b2-8ff8-49e4-b59b-5ed62ab3fc44,7a9861fa-d8ff-461d-ac85-f542432c992e/1776457988708_sql_dp_folha_faltante.txt,f
3057cff4-863a-4430-ad11-f170204b93d7,7a9861fa-d8ff-461d-ac85-f542432c992e,1776454749299_Recibo de Pagamento.pdf,"",2026-04-17 20:33:16.211364+00,f26372b2-8ff8-49e4-b59b-5ed62ab3fc44,7a9861fa-d8ff-461d-ac85-f542432c992e/1776457995262_1776454749299_recibo-de-pagamento.pdf,f
f1a9d1d4-2e52-43d4-9daa-48bdaf5c16fb,d5b636ea-3145-43b1-bec6-870d43ed6a25,apis-contabeis-rag-2026-04-18.json,"",2026-04-18 19:57:45.205149+00,f26372b2-8ff8-49e4-b59b-5ed62ab3fc44,d5b636ea-3145-43b1-bec6-870d43ed6a25/1776542264149_apis-contabeis-rag-2026-04-18.json,f
fcbb3005-23e2-46c8-9d1b-e3ad84a335ef,d5b636ea-3145-43b1-bec6-870d43ed6a25,prd_nfe_consulta_inteligente.md,"",2026-04-18 19:57:48.086512+00,f26372b2-8ff8-49e4-b59b-5ed62ab3fc44,d5b636ea-3145-43b1-bec6-870d43ed6a25/1776542267497_prd_nfe_consulta_inteligente.md,f
8e911a48-1ac6-40ba-acb7-c885e0d1de40,d5b636ea-3145-43b1-bec6-870d43ed6a25,PRD-Plataforma-de-Analise-Fiscal-Inteligente.md,"",2026-04-18 19:57:53.563888+00,f26372b2-8ff8-49e4-b59b-5ed62ab3fc44,d5b636ea-3145-43b1-bec6-870d43ed6a25/1776542273053_prd-plataforma-de-analise-fiscal-inteligente.md,f
5a5a0bb2-7060-416c-a4d1-ecff16184d42,d5b636ea-3145-43b1-bec6-870d43ed6a25,UF-XX_prd-analise-fiscal_Texto-Ajustado_ate-2026-04-18.md,"",2026-04-18 19:57:59.901414+00,f26372b2-8ff8-49e4-b59b-5ed62ab3fc44,d5b636ea-3145-43b1-bec6-870d43ed6a25/1776542279448_uf-xx_prd-analise-fiscal_texto-ajustado_ate-2026-04-18.md,f
41a32a31-ae5b-4656-a20e-826fa824e47f,f8254b02-9148-4130-9db4-105d557b739d,app-debug.apk,"",2026-04-21 12:54:59.932623+00,f26372b2-8ff8-49e4-b59b-5ed62ab3fc44,f8254b02-9148-4130-9db4-105d557b739d/1776776093777_app-debug.apk,f
c72ab529-8209-4b8d-ae71-06ef4ed9dc90,ff667688-59d2-46f5-873c-66d22afee36e,INGESTÃO DE EVENTO REINF.blueprint.json,"",2026-04-21 19:08:59.26763+00,f26372b2-8ff8-49e4-b59b-5ed62ab3fc44,ff667688-59d2-46f5-873c-66d22afee36e/1776798538101_ingestao-de-evento-reinf.blueprint.json,f
d6f70259-946e-445e-8ee7-7025019a91f2,ff667688-59d2-46f5-873c-66d22afee36e,INGESTÃO DE XML REINF.blueprint.json,"",2026-04-21 19:09:02.492719+00,f26372b2-8ff8-49e4-b59b-5ed62ab3fc44,ff667688-59d2-46f5-873c-66d22afee36e/1776798541769_ingestao-de-xml-reinf.blueprint.json,f
0aa75b4b-8aeb-4d88-a49c-a53678f66680,ff667688-59d2-46f5-873c-66d22afee36e,PRD reinf.md,"",2026-04-21 19:09:06.932928+00,f26372b2-8ff8-49e4-b59b-5ed62ab3fc44,ff667688-59d2-46f5-873c-66d22afee36e/1776798546341_prd-reinf.md,f
511e1f12-288c-484c-9b37-a0dab0e30c96,cee2e485-a1f2-4578-9cec-78958d30f30c,INGESTÃO DE XML REINF.blueprint.json,"",2026-04-21 19:11:55.07511+00,f26372b2-8ff8-49e4-b59b-5ed62ab3fc44,cee2e485-a1f2-4578-9cec-78958d30f30c/1776798713780_ingestao-de-xml-reinf.blueprint.json,f
e49991fc-a469-411c-9801-88a66c9d92fd,d6b47050-b752-4bab-8188-144b5e02b090,CONTEXTO TRABALHISTA.blueprint.json,"",2026-04-21 20:25:28.918253+00,f26372b2-8ff8-49e4-b59b-5ed62ab3fc44,d6b47050-b752-4bab-8188-144b5e02b090/1776803127947_contexto-trabalhista.blueprint.json,f
de98eba3-a942-4bba-b132-3064280bd5f5,81d57305-91cc-4fa2-be2f-40ae46278c8c,CONTEXTO EMPRESÁRIAL.blueprint.json,"",2026-04-21 20:26:22.520143+00,f26372b2-8ff8-49e4-b59b-5ed62ab3fc44,81d57305-91cc-4fa2-be2f-40ae46278c8c/1776803180162_contexto-empresarial.blueprint.json,f
fc7c4b21-f721-48bb-98f1-daa57e27b11a,8dfe043e-870a-4d31-ae8b-a2ab8a24b4ac,CONTEXTO TICKETS.blueprint.json,"",2026-04-21 20:27:28.961651+00,f26372b2-8ff8-49e4-b59b-5ed62ab3fc44,8dfe043e-870a-4d31-ae8b-a2ab8a24b4ac/1776803248273_contexto-tickets.blueprint.json,f
6a935782-000c-4928-8964-10f7aa32905c,bbbb2c69-d1e9-4e2c-a10a-6ce6e496101e,AGENTE MOE.blueprint.json,"",2026-04-21 20:31:02.576526+00,f26372b2-8ff8-49e4-b59b-5ed62ab3fc44,bbbb2c69-d1e9-4e2c-a10a-6ce6e496101e/1776803461009_agente-moe.blueprint.json,f
a594738f-dd59-4898-acc8-f8bb50cd08bf,526de876-1918-45dd-9038-ae74e6f0d7ec,VERIFICAÇÃO DA FOLHA DE PAGAMENTOS.blueprint.json,"",2026-04-21 21:01:32.488763+00,f26372b2-8ff8-49e4-b59b-5ed62ab3fc44,526de876-1918-45dd-9038-ae74e6f0d7ec/1776805290857_verificacao-da-folha-de-pagamentos.blueprint.json,f
ebbfca84-6dbb-4068-b7e5-46729021c294,fdba63d4-3496-4cab-90e1-c9f8ac3a1496,CNPJA_ instrucoes.txt,"",2026-04-21 21:41:10.678689+00,f26372b2-8ff8-49e4-b59b-5ed62ab3fc44,fdba63d4-3496-4cab-90e1-c9f8ac3a1496/1776807669742_cnpja_-instrucoes.txt,f
4be10ce4-a919-46b5-ab9c-315db3e76f4d,fdba63d4-3496-4cab-90e1-c9f8ac3a1496,CNPJA_ actions.txt,"",2026-04-21 21:41:14.806938+00,f26372b2-8ff8-49e4-b59b-5ed62ab3fc44,fdba63d4-3496-4cab-90e1-c9f8ac3a1496/1776807674264_cnpja_-actions.txt,f
29bac991-b9dd-41f6-8396-18c1d3b7aed3,a7a3c819-3e82-4939-8fda-e0aea34f07b3,cCredPres_2025-12-12Public.xlsx,"",2026-04-22 22:51:31.30977+00,f26372b2-8ff8-49e4-b59b-5ed62ab3fc44,a7a3c819-3e82-4939-8fda-e0aea34f07b3/1776898290542_ccredpres_2025-12-12public.xlsx,f
30e9efe2-100c-4f45-9cf8-dd2a9b46f58c,a7a3c819-3e82-4939-8fda-e0aea34f07b3,Tabela NCM 2022 com Utrib_Comércio Exterior_vigência 01.02.26.xlsx,"",2026-04-22 22:51:34.589858+00,f26372b2-8ff8-49e4-b59b-5ed62ab3fc44,a7a3c819-3e82-4939-8fda-e0aea34f07b3/1776898293651_tabela-ncm-2022-com-utrib_comercio-exterior_vigencia-01.02.26.xlsx,f
05404bc0-943e-4b33-a708-7050c7172c12,a7a3c819-3e82-4939-8fda-e0aea34f07b3,cClassTrib 2026_04_15.xlsx,"",2026-04-22 22:51:38.999522+00,f26372b2-8ff8-49e4-b59b-5ed62ab3fc44,a7a3c819-3e82-4939-8fda-e0aea34f07b3/1776898298248_cclasstrib-2026_04_15.xlsx,f
f67646dd-0ccd-4bae-af97-52c4155424a6,a7a3c819-3e82-4939-8fda-e0aea34f07b3,prompt.txt,"",2026-04-22 22:51:43.803194+00,f26372b2-8ff8-49e4-b59b-5ed62ab3fc44,a7a3c819-3e82-4939-8fda-e0aea34f07b3/1776898303365_prompt.txt,f
43984e0d-66bf-4040-9530-43f413954850,a7a3c819-3e82-4939-8fda-e0aea34f07b3,UF-XX_NT_2025-002_v1-34_RTC_NF-e_IBS_CBS_IS_Texto-Ajustado_ate-2026-02-22 (1).md,"",2026-04-22 22:51:50.829173+00,f26372b2-8ff8-49e4-b59b-5ed62ab3fc44,a7a3c819-3e82-4939-8fda-e0aea34f07b3/1776898309961_uf-xx_nt_2025-002_v1-34_rtc_nf-e_ibs_cbs_is_texto-ajustado_ate-2026-02-22-1.md,f
f0ce9287-3038-4ff1-a205-8b6ff526d206,a7a3c819-3e82-4939-8fda-e0aea34f07b3,UF-XX_manual-de-orientacao-ao-contribuinte-moc-versao-70-nf-e-e-nfc-e_Texto-Ajustado_ate-2026-02-22 (1).md,"",2026-04-22 22:51:55.074812+00,f26372b2-8ff8-49e4-b59b-5ed62ab3fc44,a7a3c819-3e82-4939-8fda-e0aea34f07b3/1776898313850_uf-xx_manual-de-orientacao-ao-contribuinte-moc-versao-70-nf-e-e-nfc-e_texto-ajustado_ate-2026-02-22-1.md,f
e8737338-c248-4658-8b61-db2337b77001,a7a3c819-3e82-4939-8fda-e0aea34f07b3,leicomplementar-214-16-janeiro-2025-796905-normaatualizada-pl (1).docx,"",2026-04-22 22:52:00.449242+00,f26372b2-8ff8-49e4-b59b-5ed62ab3fc44,a7a3c819-3e82-4939-8fda-e0aea34f07b3/1776898319492_leicomplementar-214-16-janeiro-2025-796905-normaatualizada-pl-1.docx,f
5f34ce3f-0be4-4d79-933a-a0ef080a3089,34af9ded-79c0-41eb-bf65-ab6d96939cf5,PROMPT DO ANALISTA DE IMPACTOS APÓS REFORMA TRIBUTÁRIA By_W.txt,"",2026-04-23 04:02:14.867625+00,f26372b2-8ff8-49e4-b59b-5ed62ab3fc44,34af9ded-79c0-41eb-bf65-ab6d96939cf5/1776916934217_prompt-do-analista-de-impactos-apos-reforma-tributaria-by_w.txt,f
90ccda1c-69ae-4300-8035-e52549bb8201,311083bb-6de4-47eb-acc6-7a48da29c275,PROMPT DO AGENTE CCT By_W.txt,"",2026-04-23 04:11:40.762649+00,f26372b2-8ff8-49e4-b59b-5ed62ab3fc44,311083bb-6de4-47eb-acc6-7a48da29c275/1776917500518_prompt-do-agente-cct-by_w.txt,f
a63695b4-2463-4ab6-8b6c-8d75fe48ec29,311083bb-6de4-47eb-acc6-7a48da29c275,PROMPT_PROTECAO_ESTRUTURAL.txt.txt,"",2026-04-23 04:11:41.365152+00,f26372b2-8ff8-49e4-b59b-5ed62ab3fc44,311083bb-6de4-47eb-acc6-7a48da29c275/1776917501189_prompt_protecao_estrutural.txt.txt,f
f8b7ec00-7738-441e-82e5-4860f5ba4874,0fcf6cf6-b8f9-4694-918a-d153e3a84a4d,BASE CONSULTOR DE PAGAMENTOS E ENCARGOS.txt,"",2026-04-23 04:23:54.571931+00,f26372b2-8ff8-49e4-b59b-5ed62ab3fc44,0fcf6cf6-b8f9-4694-918a-d153e3a84a4d/1776918233753_base-consultor-de-pagamentos-e-encargos.txt,f
3f138c05-fb3f-457d-8fca-7f8e5b39f669,0fcf6cf6-b8f9-4694-918a-d153e3a84a4d,PROMPT_PROTECAO_ESTRUTURAL.txt (1).txt,"",2026-04-23 04:23:55.212813+00,f26372b2-8ff8-49e4-b59b-5ed62ab3fc44,0fcf6cf6-b8f9-4694-918a-d153e3a84a4d/1776918235013_prompt_protecao_estrutural.txt-1.txt,f
e791d62e-9667-47e1-9b8c-6fc5be3e3677,0fcf6cf6-b8f9-4694-918a-d153e3a84a4d,FAQ FOLHA DE PAGAMENTOS E ENCARGOS.txt,"",2026-04-23 04:23:55.729225+00,f26372b2-8ff8-49e4-b59b-5ed62ab3fc44,0fcf6cf6-b8f9-4694-918a-d153e3a84a4d/1776918235594_faq-folha-de-pagamentos-e-encargos.txt,f
bc11a50c-3e26-45c3-80d3-338996ea561f,afab1d35-e9bf-4448-aa30-edebf8f81073,Lcp 214.docx,"",2026-04-23 04:26:03.212293+00,f26372b2-8ff8-49e4-b59b-5ed62ab3fc44,afab1d35-e9bf-4448-aa30-edebf8f81073/1776918361805_lcp-214.docx,f
84ada912-8812-4d59-81bf-a511a845c289,afab1d35-e9bf-4448-aa30-edebf8f81073,tipi.docx,"",2026-04-23 04:26:05.714171+00,f26372b2-8ff8-49e4-b59b-5ed62ab3fc44,afab1d35-e9bf-4448-aa30-edebf8f81073/1776918363744_tipi.docx,f
c697fa8b-9d14-47f8-9ff7-9529df848bb0,afab1d35-e9bf-4448-aa30-edebf8f81073,prompt.txt,"",2026-04-23 04:26:06.328596+00,f26372b2-8ff8-49e4-b59b-5ed62ab3fc44,afab1d35-e9bf-4448-aa30-edebf8f81073/1776918366097_prompt.txt,f
cd871a82-d72f-43bf-81e9-9c1ab98d8100,afab1d35-e9bf-4448-aa30-edebf8f81073,Portal da Conformidade Fácil  Lcp 214-2015 - produtos (1).xlsx,"",2026-04-23 04:26:06.901124+00,f26372b2-8ff8-49e4-b59b-5ed62ab3fc44,afab1d35-e9bf-4448-aa30-edebf8f81073/1776918366715_portal-da-conformidade-facil-lcp-214-2015---produtos-1.xlsx,f
183f47e2-ce13-4f56-9339-76353512ccac,2672dcd5-655e-4d35-820a-3e908b2cbe81,Portal da Conformidade Fácil  Lcp 214-2015 - produtos (1) (1).xlsx,"",2026-04-23 04:32:06.929661+00,f26372b2-8ff8-49e4-b59b-5ed62ab3fc44,2672dcd5-655e-4d35-820a-3e908b2cbe81/1776918725797_portal-da-conformidade-facil-lcp-214-2015---produtos-1-1.xlsx,f
9c9f84b4-0adf-4626-b594-03e8698af593,2672dcd5-655e-4d35-820a-3e908b2cbe81,Tabela_NCM_Vigente_20260109.xlsx,"",2026-04-23 04:32:09.093312+00,f26372b2-8ff8-49e4-b59b-5ed62ab3fc44,2672dcd5-655e-4d35-820a-3e908b2cbe81/1776918727429_tabela_ncm_vigente_20260109.xlsx,f
e7f0b6df-ba25-4d52-b5f7-49331c3f3e82,2672dcd5-655e-4d35-820a-3e908b2cbe81,cClassTrib 2025-12-12.xlsx,"",2026-04-23 04:32:10.262067+00,f26372b2-8ff8-49e4-b59b-5ed62ab3fc44,2672dcd5-655e-4d35-820a-3e908b2cbe81/1776918729505_cclasstrib-2025-12-12.xlsx,f
fce58ebd-306e-437e-b415-30bf47c0ed5d,2672dcd5-655e-4d35-820a-3e908b2cbe81,Lcp 214 (1).docx,"",2026-04-23 04:32:11.459889+00,f26372b2-8ff8-49e4-b59b-5ed62ab3fc44,2672dcd5-655e-4d35-820a-3e908b2cbe81/1776918730660_lcp-214-1.docx,f
5667e11d-0673-4d28-a726-36fe80cf9e91,2672dcd5-655e-4d35-820a-3e908b2cbe81,bccst.txt,"",2026-04-23 04:32:12.130196+00,f26372b2-8ff8-49e4-b59b-5ed62ab3fc44,2672dcd5-655e-4d35-820a-3e908b2cbe81/1776918731858_bccst.txt,f
7536e27f-a12a-46a5-a06c-a04a10570983,2672dcd5-655e-4d35-820a-3e908b2cbe81,Portal da Conformidade Fácil  Lcp 214-2015 - produtos (1).xlsx,"",2026-04-23 04:32:12.832785+00,f26372b2-8ff8-49e4-b59b-5ed62ab3fc44,2672dcd5-655e-4d35-820a-3e908b2cbe81/1776918732544_portal-da-conformidade-facil-lcp-214-2015---produtos-1.xlsx,f
575d71ee-b67c-4f08-8c02-d96f9fe11d95,6954d87f-a8aa-4ab1-b502-f8365003280a,Constituição.pdf,"",2026-04-23 04:36:38.091415+00,f26372b2-8ff8-49e4-b59b-5ed62ab3fc44,6954d87f-a8aa-4ab1-b502-f8365003280a/1776918990329_constituicao.pdf,f
68c04506-c81a-43cb-b942-e7cc9d9ffc9e,6954d87f-a8aa-4ab1-b502-f8365003280a,CONVÊNIO ICMS 142_18 — Conselho Nacional de Política Fazendária CONFAZ.pdf,"",2026-04-23 04:36:42.894039+00,f26372b2-8ff8-49e4-b59b-5ed62ab3fc44,6954d87f-a8aa-4ab1-b502-f8365003280a/1776918998538_convenio-icms-142_18--conselho-nacional-de-politica-fazendaria-confaz.pdf,f
26e23611-2870-4014-8923-9c73073db7f5,6954d87f-a8aa-4ab1-b502-f8365003280a,regulamento2023.pdf,"",2026-04-23 04:36:44.565067+00,f26372b2-8ff8-49e4-b59b-5ed62ab3fc44,6954d87f-a8aa-4ab1-b502-f8365003280a/1776919003293_regulamento2023.pdf,f
eb2c06b1-a5a5-44ae-8509-57f129831bc0,6954d87f-a8aa-4ab1-b502-f8365003280a,Como funciona a Substituição Tributária em ICMS _ Jusbrasil.pdf,"",2026-04-23 04:36:45.559278+00,f26372b2-8ff8-49e4-b59b-5ed62ab3fc44,6954d87f-a8aa-4ab1-b502-f8365003280a/1776919004947_como-funciona-a-substituicao-tributaria-em-icms-_-jusbrasil.pdf,f
0c45a812-9dd5-489c-8c16-41dd4487f0af,6954d87f-a8aa-4ab1-b502-f8365003280a,Convênio ICMS 142_19 — Conselho Nacional de Política Fazendária CONFAZ.pdf,"",2026-04-23 04:36:46.390018+00,f26372b2-8ff8-49e4-b59b-5ed62ab3fc44,6954d87f-a8aa-4ab1-b502-f8365003280a/1776919005960_convenio-icms-142_19--conselho-nacional-de-politica-fazendaria-confaz.pdf,f
5b88b785-b461-4a38-aa43-f360942e903e,6954d87f-a8aa-4ab1-b502-f8365003280a,bcst.txt,"",2026-04-23 04:36:47.13612+00,f26372b2-8ff8-49e4-b59b-5ed62ab3fc44,6954d87f-a8aa-4ab1-b502-f8365003280a/1776919006793_bcst.txt,f
91813216-deee-4821-81ce-a38b8cc57e08,6954d87f-a8aa-4ab1-b502-f8365003280a,Lcp87.pdf,"",2026-04-23 04:36:48.609949+00,f26372b2-8ff8-49e4-b59b-5ed62ab3fc44,6954d87f-a8aa-4ab1-b502-f8365003280a/1776919007515_lcp87.pdf,f
c4929268-808a-4058-950e-34b7053065cd,6954d87f-a8aa-4ab1-b502-f8365003280a,Convênio ICMS Nº 142 DE 14_12_2018 - Federal - LegisWeb.pdf,"",2026-04-23 04:36:52.22553+00,f26372b2-8ff8-49e4-b59b-5ed62ab3fc44,6954d87f-a8aa-4ab1-b502-f8365003280a/1776919009052_convenio-icms-n-142-de-14_12_2018---federal---legisweb.pdf,f
a518ffa0-e1b7-4667-9b56-39c5a9b6ede7,6954d87f-a8aa-4ab1-b502-f8365003280a,LEI-COMPLEMENTAR-No-190-DE-4-DE-JANEIRO-DE-2022-ALTERA-LEI-KANDIR.pdf,"",2026-04-23 04:36:53.107865+00,f26372b2-8ff8-49e4-b59b-5ed62ab3fc44,6954d87f-a8aa-4ab1-b502-f8365003280a/1776919012679_lei-complementar-no-190-de-4-de-janeiro-de-2022-altera-lei-kandir.pdf,f
9aa20b4c-1737-4460-9408-726885bab294,6954d87f-a8aa-4ab1-b502-f8365003280a,REGULAMENTO DO ICMS - SEF_MG.pdf,"",2026-04-23 04:36:53.906008+00,f26372b2-8ff8-49e4-b59b-5ed62ab3fc44,6954d87f-a8aa-4ab1-b502-f8365003280a/1776919013513_regulamento-do-icms---sef_mg.pdf,f
6c266a45-6f6c-4dad-8cd1-b1313be1b5dd,6954d87f-a8aa-4ab1-b502-f8365003280a,RICMS - Pesquisa Avançada - SEF_MG.pdf,"",2026-04-23 04:36:54.770657+00,f26372b2-8ff8-49e4-b59b-5ed62ab3fc44,6954d87f-a8aa-4ab1-b502-f8365003280a/1776919014388_ricms---pesquisa-avancada---sef_mg.pdf,f
7944fe20-d949-4e6b-9efa-98b0a6cb749d,6954d87f-a8aa-4ab1-b502-f8365003280a,"Substituição tributária – Wikipédia, a enciclopédia livre.pdf","",2026-04-23 04:36:55.61347+00,f26372b2-8ff8-49e4-b59b-5ed62ab3fc44,6954d87f-a8aa-4ab1-b502-f8365003280a/1776919015176_substituicao-tributaria--wikipedia-a-enciclopedia-livre.pdf,f
10eb22bf-3433-4ec5-ab7d-e117f382d0a1,6954d87f-a8aa-4ab1-b502-f8365003280a,Portal da Conformidade Fácil  Lcp 214-2015 - produtos (1) (1).xlsx,"",2026-04-23 04:36:56.215295+00,f26372b2-8ff8-49e4-b59b-5ed62ab3fc44,6954d87f-a8aa-4ab1-b502-f8365003280a/1776919016016_portal-da-conformidade-facil-lcp-214-2015---produtos-1-1.xlsx,f
bede129d-93d9-4c88-9ffa-50d69bee1da8,6954d87f-a8aa-4ab1-b502-f8365003280a,CONVÊNIO ICMS 142_18 — Conselho Nacional de Política Fazendária CONFAZ.pdf,"",2026-04-23 04:37:46.169353+00,f26372b2-8ff8-49e4-b59b-5ed62ab3fc44,6954d87f-a8aa-4ab1-b502-f8365003280a/1776919060069_convenio-icms-142_18--conselho-nacional-de-politica-fazendaria-confaz.pdf,f
1c8b8dc4-63a9-4dde-8f4c-d3ce4884cfcc,6954d87f-a8aa-4ab1-b502-f8365003280a,Constituição.pdf,"",2026-04-23 04:37:52.907132+00,f26372b2-8ff8-49e4-b59b-5ed62ab3fc44,6954d87f-a8aa-4ab1-b502-f8365003280a/1776919066598_constituicao.pdf,f
db84655b-8a50-4d42-bebc-6f6bfd969202,6954d87f-a8aa-4ab1-b502-f8365003280a,regulamento2023.pdf,"",2026-04-23 04:37:54.572153+00,f26372b2-8ff8-49e4-b59b-5ed62ab3fc44,6954d87f-a8aa-4ab1-b502-f8365003280a/1776919073306_regulamento2023.pdf,f
f06df7d4-4380-42c6-9ff2-b02652c52b37,6954d87f-a8aa-4ab1-b502-f8365003280a,Como funciona a Substituição Tributária em ICMS _ Jusbrasil.pdf,"",2026-04-23 04:37:55.630466+00,f26372b2-8ff8-49e4-b59b-5ed62ab3fc44,6954d87f-a8aa-4ab1-b502-f8365003280a/1776919074963_como-funciona-a-substituicao-tributaria-em-icms-_-jusbrasil.pdf,f
433d7275-44d5-4d48-ae4b-9d5d62c9bbae,6954d87f-a8aa-4ab1-b502-f8365003280a,Convênio ICMS 142_19 — Conselho Nacional de Política Fazendária CONFAZ.pdf,"",2026-04-23 04:37:56.853265+00,f26372b2-8ff8-49e4-b59b-5ed62ab3fc44,6954d87f-a8aa-4ab1-b502-f8365003280a/1776919076040_convenio-icms-142_19--conselho-nacional-de-politica-fazendaria-confaz.pdf,f
4671a356-561b-43b5-b852-4ab1f9ccf9a2,6954d87f-a8aa-4ab1-b502-f8365003280a,bcst.txt,"",2026-04-23 04:37:57.462887+00,f26372b2-8ff8-49e4-b59b-5ed62ab3fc44,6954d87f-a8aa-4ab1-b502-f8365003280a/1776919077245_bcst.txt,f
6546c86c-235f-4231-9933-0a6c84e5ccb7,6954d87f-a8aa-4ab1-b502-f8365003280a,Lcp87.pdf,"",2026-04-23 04:37:59.130467+00,f26372b2-8ff8-49e4-b59b-5ed62ab3fc44,6954d87f-a8aa-4ab1-b502-f8365003280a/1776919077860_lcp87.pdf,f
fdbba1a0-22de-4ad2-92da-ea6a851ca714,6954d87f-a8aa-4ab1-b502-f8365003280a,Convênio ICMS Nº 142 DE 14_12_2018 - Federal - LegisWeb.pdf,"",2026-04-23 04:38:02.677507+00,f26372b2-8ff8-49e4-b59b-5ed62ab3fc44,6954d87f-a8aa-4ab1-b502-f8365003280a/1776919079522_convenio-icms-n-142-de-14_12_2018---federal---legisweb.pdf,f
f9eeb582-f81d-484d-af95-e0d453983f00,6954d87f-a8aa-4ab1-b502-f8365003280a,LEI-COMPLEMENTAR-No-190-DE-4-DE-JANEIRO-DE-2022-ALTERA-LEI-KANDIR.pdf,"",2026-04-23 04:38:03.578842+00,f26372b2-8ff8-49e4-b59b-5ed62ab3fc44,6954d87f-a8aa-4ab1-b502-f8365003280a/1776919083075_lei-complementar-no-190-de-4-de-janeiro-de-2022-altera-lei-kandir.pdf,f
7d06a6ad-b127-44f3-8137-f3c1c0eaa6e6,6954d87f-a8aa-4ab1-b502-f8365003280a,REGULAMENTO DO ICMS - SEF_MG.pdf,"",2026-04-23 04:38:04.551405+00,f26372b2-8ff8-49e4-b59b-5ed62ab3fc44,6954d87f-a8aa-4ab1-b502-f8365003280a/1776919083971_regulamento-do-icms---sef_mg.pdf,f
b6c259dc-6acb-4278-afcc-5d916807025f,6954d87f-a8aa-4ab1-b502-f8365003280a,RICMS - Pesquisa Avançada - SEF_MG.pdf,"",2026-04-23 04:38:05.578867+00,f26372b2-8ff8-49e4-b59b-5ed62ab3fc44,6954d87f-a8aa-4ab1-b502-f8365003280a/1776919084951_ricms---pesquisa-avancada---sef_mg.pdf,f
f1226266-2715-453a-9ce4-0bd550b24592,0a2b29cf-b914-44d2-9dce-42c7b233027a,FAQ_CLT_PERGUNTAS_E_RESPOSTAS.txt,"",2026-04-23 04:39:26.801027+00,f26372b2-8ff8-49e4-b59b-5ed62ab3fc44,0a2b29cf-b914-44d2-9dce-42c7b233027a/1776919165580_faq_clt_perguntas_e_respostas.txt,f
b06d150b-9ffb-44fb-bed9-32c8568f53f2,6954d87f-a8aa-4ab1-b502-f8365003280a,"Substituição tributária – Wikipédia, a enciclopédia livre.pdf","",2026-04-23 04:38:06.570451+00,f26372b2-8ff8-49e4-b59b-5ed62ab3fc44,6954d87f-a8aa-4ab1-b502-f8365003280a/1776919085970_substituicao-tributaria--wikipedia-a-enciclopedia-livre.pdf,f
f19645cb-4e70-4740-9f4b-1512dc6126c4,6954d87f-a8aa-4ab1-b502-f8365003280a,Portal da Conformidade Fácil  Lcp 214-2015 - produtos (1) (1).xlsx,"",2026-04-23 04:38:07.192813+00,f26372b2-8ff8-49e4-b59b-5ed62ab3fc44,6954d87f-a8aa-4ab1-b502-f8365003280a/1776919086966_portal-da-conformidade-facil-lcp-214-2015---produtos-1-1.xlsx,f
f1f29f82-11f5-499b-8401-31d91c4b9497,0a2b29cf-b914-44d2-9dce-42c7b233027a,NR-32_atualizada_2022.txt,"",2026-04-23 04:39:31.655896+00,f26372b2-8ff8-49e4-b59b-5ed62ab3fc44,0a2b29cf-b914-44d2-9dce-42c7b233027a/1776919171188_nr-32_atualizada_2022.txt,f
537774fa-1e8c-4575-b83c-4f59e4621fce,0a2b29cf-b914-44d2-9dce-42c7b233027a,CLT_LEIS_DO_TRABALHO.txt,"",2026-04-23 04:39:28.650903+00,f26372b2-8ff8-49e4-b59b-5ed62ab3fc44,0a2b29cf-b914-44d2-9dce-42c7b233027a/1776919167259_clt_leis_do_trabalho.txt,f
8a7b8f7c-b58e-46c5-8c80-93938b1ffd1a,0a2b29cf-b914-44d2-9dce-42c7b233027a,MOS_eSocial_S-1.3_Consolidado.docx,"",2026-04-23 04:39:29.787359+00,f26372b2-8ff8-49e4-b59b-5ed62ab3fc44,0a2b29cf-b914-44d2-9dce-42c7b233027a/1776919169086_mos_esocial_s-1.3_consolidado.docx,f
ec4cbed0-7c70-4c91-9665-f128b1485286,0a2b29cf-b914-44d2-9dce-42c7b233027a,PROMPT_PROTECAO_ESTRUTURAL.txt (2).txt,"",2026-04-23 04:39:30.748449+00,f26372b2-8ff8-49e4-b59b-5ed62ab3fc44,0a2b29cf-b914-44d2-9dce-42c7b233027a/1776919170203_prompt_protecao_estrutural.txt-2.txt,f
9a865bde-cdf1-40cb-b154-59a5f6ad1750,c4b9b178-757e-4615-b8aa-ed498b2456c8,PERSONA ARGUMENTATIVA.docx,"",2026-04-23 04:49:14.271955+00,f26372b2-8ff8-49e4-b59b-5ed62ab3fc44,c4b9b178-757e-4615-b8aa-ed498b2456c8/1776919753435_persona-argumentativa.docx,f
7507b13e-4487-4ad7-bb10-bc1c16eb46e9,20fc5a56-bf00-4603-b252-029ebb245268,SUMARIO.txt,"",2026-04-23 10:21:45.73173+00,f26372b2-8ff8-49e4-b59b-5ed62ab3fc44,20fc5a56-bf00-4603-b252-029ebb245268/1776939704697_sumario.txt,f
dd5a2980-902c-4cec-8c13-ac93f5e9aaa0,0fded84e-2741-4472-ad1f-a1239f1dcb72,N2255 (2).md,"",2026-04-23 10:23:46.826626+00,f26372b2-8ff8-49e4-b59b-5ed62ab3fc44,0fded84e-2741-4472-ad1f-a1239f1dcb72/1776939826323_n2255-2.md,f
47b9007e-86c8-40bc-80b4-95aca66bb726,0fded84e-2741-4472-ad1f-a1239f1dcb72,LEI 270  (1).md,"",2026-04-23 10:23:47.950453+00,f26372b2-8ff8-49e4-b59b-5ed62ab3fc44,0fded84e-2741-4472-ad1f-a1239f1dcb72/1776939827439_lei-270-1.md,f
e5c96c5f-294e-49c4-a9d2-d73b8e897018,0fded84e-2741-4472-ad1f-a1239f1dcb72,LEI 270  (2).md,"",2026-04-23 10:23:48.586633+00,f26372b2-8ff8-49e4-b59b-5ed62ab3fc44,0fded84e-2741-4472-ad1f-a1239f1dcb72/1776939828499_lei-270-2.md,f
efb64abc-e620-4457-a107-4e9570b84845,0fded84e-2741-4472-ad1f-a1239f1dcb72,LEI 265 (2).md,"",2026-04-23 10:23:49.2524+00,f26372b2-8ff8-49e4-b59b-5ed62ab3fc44,0fded84e-2741-4472-ad1f-a1239f1dcb72/1776939829090_lei-265-2.md,f
b2226005-0a5f-4656-8de3-60c8414f7918,0fded84e-2741-4472-ad1f-a1239f1dcb72,LEI 265 (1).md,"",2026-04-23 10:23:50.03053+00,f26372b2-8ff8-49e4-b59b-5ed62ab3fc44,0fded84e-2741-4472-ad1f-a1239f1dcb72/1776939829823_lei-265-1.md,f
9e49b5e8-aa8a-4f1c-8a37-6d475267b981,0fded84e-2741-4472-ad1f-a1239f1dcb72,N2255 (1) ATT 2026.md,"",2026-04-23 10:23:50.681127+00,f26372b2-8ff8-49e4-b59b-5ed62ab3fc44,0fded84e-2741-4472-ad1f-a1239f1dcb72/1776939830608_n2255-1-att-2026.md,f
4c1cfeb2-2398-4f6b-b7ef-54d6ac3204fe,0fded84e-2741-4472-ad1f-a1239f1dcb72,N2255 (1).md,"",2026-04-23 10:23:51.557898+00,f26372b2-8ff8-49e4-b59b-5ed62ab3fc44,0fded84e-2741-4472-ad1f-a1239f1dcb72/1776939831195_n2255-1.md,f
09d594eb-dcae-4c65-be98-8c1a34b61e7c,0fded84e-2741-4472-ad1f-a1239f1dcb72,DEC 9580 (1).md,"",2026-04-23 10:23:52.503398+00,f26372b2-8ff8-49e4-b59b-5ed62ab3fc44,0fded84e-2741-4472-ad1f-a1239f1dcb72/1776939832086_dec-9580-1.md,f
0d461de6-757b-4933-be30-de0a1a0953a6,0fded84e-2741-4472-ad1f-a1239f1dcb72,FAQ_IRPF_2026.md,"",2026-04-23 10:23:53.094681+00,f26372b2-8ff8-49e4-b59b-5ed62ab3fc44,0fded84e-2741-4472-ad1f-a1239f1dcb72/1776939833051_faq_irpf_2026.md,f
791bfab7-27c0-484a-aeff-13d6dca456af,0daf0d39-b9ed-42d4-8e69-3c3b077c719d,EXTRATOR.txt,"",2026-04-23 10:26:25.986814+00,f26372b2-8ff8-49e4-b59b-5ed62ab3fc44,0daf0d39-b9ed-42d4-8e69-3c3b077c719d/1776939985457_extrator.txt,f
31aff8ff-d3a5-4d5a-803b-5cb46fb09516,0daf0d39-b9ed-42d4-8e69-3c3b077c719d,ModeloImportacaoBoletos.xlsx,"",2026-04-23 10:26:26.69024+00,f26372b2-8ff8-49e4-b59b-5ed62ab3fc44,0daf0d39-b9ed-42d4-8e69-3c3b077c719d/1776939986551_modeloimportacaoboletos.xlsx,f
15bee551-752c-47cc-bd17-d382d3b0fd32,0cbcbbe4-42ee-4a43-a54e-74d5220a87e3,PLANILHA TOTAL.xlsx,"",2026-04-23 10:28:03.720832+00,f26372b2-8ff8-49e4-b59b-5ed62ab3fc44,0cbcbbe4-42ee-4a43-a54e-74d5220a87e3/1776940082924_planilha-total.xlsx,f
adc5733b-b511-4aec-b7bb-1aa229ebf96a,cb8bf5d7-3f7a-4c0b-8bf7-4ef66611eba3,tipi (1).docx,"",2026-04-23 10:32:08.879127+00,f26372b2-8ff8-49e4-b59b-5ed62ab3fc44,cb8bf5d7-3f7a-4c0b-8bf7-4ef66611eba3/1776940326391_tipi-1.docx,f
1a43539d-70f8-4458-a12f-95a5943ab657,7d87ce3d-bff7-4df3-8ae4-32606b90b777,apostila v2.json,"",2026-04-23 11:56:28.209128+00,f26372b2-8ff8-49e4-b59b-5ed62ab3fc44,7d87ce3d-bff7-4df3-8ae4-32606b90b777/1776945386787_apostila-v2.json,f
75dc9447-6526-45d6-b1da-06810b8817b9,7d87ce3d-bff7-4df3-8ae4-32606b90b777,lc214_estrutura.json,"",2026-04-23 11:56:28.848892+00,f26372b2-8ff8-49e4-b59b-5ed62ab3fc44,7d87ce3d-bff7-4df3-8ae4-32606b90b777/1776945388398_lc214_estrutura.json,f
ce11c8cf-42d5-48c0-9a0c-9525de09c3b7,7d87ce3d-bff7-4df3-8ae4-32606b90b777,Tabela NCM_20260115_153233.json,"",2026-04-23 11:56:30.591056+00,f26372b2-8ff8-49e4-b59b-5ed62ab3fc44,7d87ce3d-bff7-4df3-8ae4-32606b90b777/1776945388982_tabela-ncm_20260115_153233.json,f
cec527eb-a74f-46ea-89de-f5dc7687d2c8,7d87ce3d-bff7-4df3-8ae4-32606b90b777,bcst.txt,"",2026-04-23 11:56:31.415667+00,f26372b2-8ff8-49e4-b59b-5ed62ab3fc44,7d87ce3d-bff7-4df3-8ae4-32606b90b777/1776945390732_bcst.txt,f
d70d8014-97f8-446c-be8d-7f9d32974c01,7d87ce3d-bff7-4df3-8ae4-32606b90b777,cClassTrib 2025-12-12 EXCELL .json,"",2026-04-23 11:56:32.229085+00,f26372b2-8ff8-49e4-b59b-5ed62ab3fc44,7d87ce3d-bff7-4df3-8ae4-32606b90b777/1776945391558_cclasstrib-2025-12-12-excell-.json,f
f85f8597-b0e7-48ef-b856-86639b68d122,7d87ce3d-bff7-4df3-8ae4-32606b90b777,cclassTrib_COMPLETO_do_DOCS.json,"",2026-04-23 11:56:32.813294+00,f26372b2-8ff8-49e4-b59b-5ed62ab3fc44,7d87ce3d-bff7-4df3-8ae4-32606b90b777/1776945392381_cclasstrib_completo_do_docs.json,f
11afa297-3c97-4daa-9310-8edd1e3b9d95,7d87ce3d-bff7-4df3-8ae4-32606b90b777,tabela de classificação ibs e cbs V2.json,"",2026-04-23 11:56:33.407537+00,f26372b2-8ff8-49e4-b59b-5ed62ab3fc44,7d87ce3d-bff7-4df3-8ae4-32606b90b777/1776945392945_tabela-de-classificacao-ibs-e-cbs-v2.json,f
d659e30b-4646-4a92-a80d-d3054e7ce6bd,0911ed95-760f-4504-9edc-65aeea4cce54,BASE DE CONHECIMENTO.txt,"",2026-04-23 12:04:33.075672+00,f26372b2-8ff8-49e4-b59b-5ed62ab3fc44,0911ed95-760f-4504-9edc-65aeea4cce54/1776945872249_base-de-conhecimento.txt,f
5c6e8f22-ea57-480d-8751-b69c638ad078,16a72a83-fa49-4a4c-84eb-df40b566318c,Base_de_Conhecimento_RDD10_Modulo_1.docx,"",2026-04-23 12:13:32.46581+00,f26372b2-8ff8-49e4-b59b-5ed62ab3fc44,16a72a83-fa49-4a4c-84eb-df40b566318c/1776946410315_base_de_conhecimento_rdd10_modulo_1.docx,f
97606132-8e24-4101-bfb4-76217ca3236e,16a72a83-fa49-4a4c-84eb-df40b566318c,CORE_MODULO1_ENGINE.txt.txt,"",2026-04-23 12:13:35.458957+00,f26372b2-8ff8-49e4-b59b-5ed62ab3fc44,16a72a83-fa49-4a4c-84eb-df40b566318c/1776946412679_core_modulo1_engine.txt.txt,f
8f0fbf91-cd21-433e-a3c7-4ca94ab4a8cc,16a72a83-fa49-4a4c-84eb-df40b566318c,Base_de_Conhecimento_RDD10_Modulo_1 PDF.pdf,"",2026-04-23 12:13:47.888714+00,f26372b2-8ff8-49e4-b59b-5ed62ab3fc44,16a72a83-fa49-4a4c-84eb-df40b566318c/1776946390242_base_de_conhecimento_rdd10_modulo_1-pdf.pdf,f
931c890d-13a9-4072-9b58-512c4200dc2b,2fb259c6-009c-4eb2-9246-3f8836edba70,7 AO 10.pdf,"",2026-04-23 12:27:29.364055+00,f26372b2-8ff8-49e4-b59b-5ed62ab3fc44,2fb259c6-009c-4eb2-9246-3f8836edba70/1776947227980_7-ao-10.pdf,f
a5bdbfea-dccb-4ddc-865a-d9546fd66092,2fb259c6-009c-4eb2-9246-3f8836edba70,1 AO 6.pdf,"",2026-04-23 12:27:52.415375+00,f26372b2-8ff8-49e4-b59b-5ed62ab3fc44,2fb259c6-009c-4eb2-9246-3f8836edba70/1776947249504_1-ao-6.pdf,f
fc765413-93fe-4043-9564-4d61c6cc2c94,ca4da910-4d23-47a5-b78b-c4c705aaf5eb,Base_de_Conhecimento_RDD10_Modulo_1 PDF (1).pdf,"",2026-04-23 12:30:50.62985+00,f26372b2-8ff8-49e4-b59b-5ed62ab3fc44,ca4da910-4d23-47a5-b78b-c4c705aaf5eb/1776947414961_base_de_conhecimento_rdd10_modulo_1-pdf-1.pdf,f
cd838a2e-6cc8-49ab-b165-b6f012cd6c99,ca4da910-4d23-47a5-b78b-c4c705aaf5eb,APOSTILAS (1).docx,"",2026-04-23 12:30:52.34402+00,f26372b2-8ff8-49e4-b59b-5ed62ab3fc44,ca4da910-4d23-47a5-b78b-c4c705aaf5eb/1776947450735_apostilas-1.docx,f
ba183f12-f03c-4b78-9e5d-6654d8b4e13b,ca4da910-4d23-47a5-b78b-c4c705aaf5eb,Base_de_Conhecimento_RDD10_Modulo_1 (1).docx,"",2026-04-23 12:30:52.92129+00,f26372b2-8ff8-49e4-b59b-5ed62ab3fc44,ca4da910-4d23-47a5-b78b-c4c705aaf5eb/1776947452451_base_de_conhecimento_rdd10_modulo_1-1.docx,f
b0048a35-00b3-4187-8b63-73dede44fa75,ca4da910-4d23-47a5-b78b-c4c705aaf5eb,SUMARIO (1).txt,"",2026-04-23 12:30:53.4843+00,f26372b2-8ff8-49e4-b59b-5ed62ab3fc44,ca4da910-4d23-47a5-b78b-c4c705aaf5eb/1776947453007_sumario-1.txt,f
8d7c22e6-075a-47d4-9f1a-fcf44f31760f,bf57863e-3a84-430a-b1cc-8e0c00435d3d,prompt.txt,"",2026-04-23 12:35:47.186144+00,f26372b2-8ff8-49e4-b59b-5ed62ab3fc44,bf57863e-3a84-430a-b1cc-8e0c00435d3d/1776947746023_prompt.txt,f
ab84b41b-4ac7-425b-a290-2ea6d0f9aca8,b8fac9bc-267c-4971-b7a9-57c9c946d37c,prompt.txt,"",2026-04-23 12:40:10.364568+00,f26372b2-8ff8-49e4-b59b-5ed62ab3fc44,b8fac9bc-267c-4971-b7a9-57c9c946d37c/1776948009475_prompt.txt,f
ef15d180-c172-4cd4-8e09-3fadeda0ed09,38912285-e089-44ec-84cf-2a7a7ed9a613,system_protection.txt,"",2026-04-23 12:42:13.054826+00,f26372b2-8ff8-49e4-b59b-5ed62ab3fc44,38912285-e089-44ec-84cf-2a7a7ed9a613/1776948131825_system_protection.txt,f
b01eb633-f274-4b94-a03a-38ab89ef6c27,38912285-e089-44ec-84cf-2a7a7ed9a613,Instrucoes_gpt_bp_dre.txt,"",2026-04-23 12:42:13.866202+00,f26372b2-8ff8-49e4-b59b-5ed62ab3fc44,38912285-e089-44ec-84cf-2a7a7ed9a613/1776948133263_instrucoes_gpt_bp_dre.txt,f
cf665f33-6237-4172-83af-7eb59ddacb46,cf3093d7-5525-4354-a6a1-794973b9f89b,Instrucoes_comHTML.txt,"",2026-04-23 12:45:14.366537+00,f26372b2-8ff8-49e4-b59b-5ed62ab3fc44,cf3093d7-5525-4354-a6a1-794973b9f89b/1776948313294_instrucoes_comhtml.txt,f
8b2d2953-9469-4e90-b559-af439baa1aa3,bac68f27-91cd-4b4f-bbf1-57423a7a633b,GPT_Financeiro_Cobrança.txt,"",2026-04-23 12:47:17.909128+00,f26372b2-8ff8-49e4-b59b-5ed62ab3fc44,bac68f27-91cd-4b4f-bbf1-57423a7a633b/1776948437093_gpt_financeiro_cobranca.txt,f
8a7ce09a-9e4c-4ee1-a301-21956e9d9cd8,bac68f27-91cd-4b4f-bbf1-57423a7a633b,system_protection (1).txt,"",2026-04-23 12:47:18.471057+00,f26372b2-8ff8-49e4-b59b-5ed62ab3fc44,bac68f27-91cd-4b4f-bbf1-57423a7a633b/1776948438025_system_protection-1.txt,f
ece95a58-1296-496f-b177-a4ece1d15fc9,1b6499b3-8819-4db5-912a-021b436c4f3d,instrucoes_seguros.txt,"",2026-04-23 12:48:37.844928+00,f26372b2-8ff8-49e4-b59b-5ed62ab3fc44,1b6499b3-8819-4db5-912a-021b436c4f3d/1776948517132_instrucoes_seguros.txt,f
63eec007-630b-4359-af10-4aa5b8c4da01,69a74ac3-8a56-4607-8f92-0833e9d39f50,prompt (1).txt,"",2026-04-23 12:52:28.978586+00,f26372b2-8ff8-49e4-b59b-5ed62ab3fc44,69a74ac3-8a56-4607-8f92-0833e9d39f50/1776948748159_prompt-1.txt,f
d371aeb2-887a-45bb-897a-deada06311b5,69a74ac3-8a56-4607-8f92-0833e9d39f50,UF-XX_UNIFICADO_Texto-Ajustado_ate-2026-03-31.md,"",2026-04-23 12:52:30.026001+00,f26372b2-8ff8-49e4-b59b-5ed62ab3fc44,69a74ac3-8a56-4607-8f92-0833e9d39f50/1776948749095_uf-xx_unificado_texto-ajustado_ate-2026-03-31.md,f
1a207c0a-677c-444c-ad00-7bd6988389bc,de50e992-94d5-4f30-9ab3-f0e5a9589c07,excel.txt,"",2026-04-23 12:53:54.709322+00,f26372b2-8ff8-49e4-b59b-5ed62ab3fc44,de50e992-94d5-4f30-9ab3-f0e5a9589c07/1776948833892_excel.txt,f
932df238-9a6d-4c1f-84b9-f89accd28117,085bb54a-9943-49f3-b5e9-8d6d2b1c8896,cCredPres_2025-12-12Public.xlsx,"",2026-04-23 12:59:03.958228+00,f26372b2-8ff8-49e4-b59b-5ed62ab3fc44,085bb54a-9943-49f3-b5e9-8d6d2b1c8896/1776949142876_ccredpres_2025-12-12public.xlsx,f
e5fd25c3-c1a2-4652-92a4-71f7ff9625a0,085bb54a-9943-49f3-b5e9-8d6d2b1c8896,Tabela NCM 2022 com Utrib_Comércio Exterior_vigência 01.02.26.xlsx,"",2026-04-23 12:59:05.221297+00,f26372b2-8ff8-49e4-b59b-5ed62ab3fc44,085bb54a-9943-49f3-b5e9-8d6d2b1c8896/1776949144067_tabela-ncm-2022-com-utrib_comercio-exterior_vigencia-01.02.26.xlsx,f
5c0c44b1-c339-4b31-a93b-d1be267424fa,085bb54a-9943-49f3-b5e9-8d6d2b1c8896,UF-XX_NT_2025-002_v1-34_RTC_NF-e_IBS_CBS_IS_Texto-Ajustado_ate-2026-02-22 (1).md,"",2026-04-23 12:59:05.928285+00,f26372b2-8ff8-49e4-b59b-5ed62ab3fc44,085bb54a-9943-49f3-b5e9-8d6d2b1c8896/1776949145298_uf-xx_nt_2025-002_v1-34_rtc_nf-e_ibs_cbs_is_texto-ajustado_ate-2026-02-22-1.md,f
5ab95c24-f969-4485-9d8f-a6af8a56f7be,085bb54a-9943-49f3-b5e9-8d6d2b1c8896,cClassTrib 2026_04_15.xlsx,"",2026-04-23 12:59:06.619829+00,f26372b2-8ff8-49e4-b59b-5ed62ab3fc44,085bb54a-9943-49f3-b5e9-8d6d2b1c8896/1776949146007_cclasstrib-2026_04_15.xlsx,f
18de833c-ffb9-4a39-b69c-0fb0fb738eb4,085bb54a-9943-49f3-b5e9-8d6d2b1c8896,prompt (2).txt,"",2026-04-23 12:59:07.445382+00,f26372b2-8ff8-49e4-b59b-5ed62ab3fc44,085bb54a-9943-49f3-b5e9-8d6d2b1c8896/1776949146699_prompt-2.txt,f
c4c3809d-741e-4813-b812-08662dfe4526,085bb54a-9943-49f3-b5e9-8d6d2b1c8896,leicomplementar-214-16-janeiro-2025-796905-normaatualizada-pl (1).docx,"",2026-04-23 12:59:08.531447+00,f26372b2-8ff8-49e4-b59b-5ed62ab3fc44,085bb54a-9943-49f3-b5e9-8d6d2b1c8896/1776949147528_leicomplementar-214-16-janeiro-2025-796905-normaatualizada-pl-1.docx,f
7eb9f557-d028-4ecc-bb07-3a1ff3d18695,085bb54a-9943-49f3-b5e9-8d6d2b1c8896,UF-XX_manual-de-orientacao-ao-contribuinte-moc-versao-70-nf-e-e-nfc-e_Texto-Ajustado_ate-2026-02-22 (1).md,"",2026-04-23 12:59:09.333226+00,f26372b2-8ff8-49e4-b59b-5ed62ab3fc44,085bb54a-9943-49f3-b5e9-8d6d2b1c8896/1776949148598_uf-xx_manual-de-orientacao-ao-contribuinte-moc-versao-70-nf-e-e-nfc-e_texto-ajustado_ate-2026-02-22-1.md,f
07ce3211-d79b-4ac7-aaf1-6f336caaf8e8,eeb4123d-88c2-41a6-b559-df353def8628,instrucoes_seguros (1).txt,"",2026-04-23 13:01:42.275314+00,f26372b2-8ff8-49e4-b59b-5ed62ab3fc44,eeb4123d-88c2-41a6-b559-df353def8628/1776949301460_instrucoes_seguros-1.txt,f
71cf871d-e381-44a6-b1c6-298bfdd7e313,1d8c2e9f-8a8b-4b89-9d41-40d42bc5b2c0,cCredPres_2025-12-12Public.xlsx,"",2026-04-23 13:48:50.931149+00,f26372b2-8ff8-49e4-b59b-5ed62ab3fc44,1d8c2e9f-8a8b-4b89-9d41-40d42bc5b2c0/1776952117175_1776949142876_ccredpres_2025-12-12public.xlsx,f
6634d9a4-c564-4acf-b00b-4508afd63672,1d8c2e9f-8a8b-4b89-9d41-40d42bc5b2c0,Tabela NCM 2022 com Utrib_Comércio Exterior_vigência 01.02.26.xlsx,"",2026-04-23 13:48:50.931149+00,f26372b2-8ff8-49e4-b59b-5ed62ab3fc44,1d8c2e9f-8a8b-4b89-9d41-40d42bc5b2c0/1776952119358_1776949144067_tabela-ncm-2022-com-utrib_comercio-exterior_vigencia-01.02.26.xlsx,f
548c8392-fb86-4904-9b12-c9ac8152b5e4,1d8c2e9f-8a8b-4b89-9d41-40d42bc5b2c0,UF-XX_NT_2025-002_v1-34_RTC_NF-e_IBS_CBS_IS_Texto-Ajustado_ate-2026-02-22 (1).md,"",2026-04-23 13:48:50.931149+00,f26372b2-8ff8-49e4-b59b-5ed62ab3fc44,1d8c2e9f-8a8b-4b89-9d41-40d42bc5b2c0/1776952121691_1776949145298_uf-xx_nt_2025-002_v1-34_rtc_nf-e_ibs_cbs_is_texto-ajustado_ate-2026-02-22-1.md,f
ce737797-c410-4992-ac52-df34c2809c9e,1d8c2e9f-8a8b-4b89-9d41-40d42bc5b2c0,cClassTrib 2026_04_15.xlsx,"",2026-04-23 13:48:50.931149+00,f26372b2-8ff8-49e4-b59b-5ed62ab3fc44,1d8c2e9f-8a8b-4b89-9d41-40d42bc5b2c0/1776952123625_1776949146007_cclasstrib-2026_04_15.xlsx,f
a750170d-9116-4462-9360-b7b828fdeeb9,1d8c2e9f-8a8b-4b89-9d41-40d42bc5b2c0,prompt (2).txt,"",2026-04-23 13:48:50.931149+00,f26372b2-8ff8-49e4-b59b-5ed62ab3fc44,1d8c2e9f-8a8b-4b89-9d41-40d42bc5b2c0/1776952125215_1776949146699_prompt-2.txt,f
6a68fe1e-2f1f-4c02-a638-9d9f4cf72285,1d8c2e9f-8a8b-4b89-9d41-40d42bc5b2c0,leicomplementar-214-16-janeiro-2025-796905-normaatualizada-pl (1).docx,"",2026-04-23 13:48:50.931149+00,f26372b2-8ff8-49e4-b59b-5ed62ab3fc44,1d8c2e9f-8a8b-4b89-9d41-40d42bc5b2c0/1776952127109_1776949147528_leicomplementar-214-16-janeiro-2025-796905-normaatualizada-pl-1.docx,f
b6f3e912-aed1-4aa7-b264-9c22ea17fb98,1d8c2e9f-8a8b-4b89-9d41-40d42bc5b2c0,UF-XX_manual-de-orientacao-ao-contribuinte-moc-versao-70-nf-e-e-nfc-e_Texto-Ajustado_ate-2026-02-22 (1).md,"",2026-04-23 13:48:50.931149+00,f26372b2-8ff8-49e4-b59b-5ed62ab3fc44,1d8c2e9f-8a8b-4b89-9d41-40d42bc5b2c0/1776952129701_1776949148598_uf-xx_manual-de-orientacao-ao-contribuinte-moc-versao-70-nf-e-e-nfc-e_texto-ajustado_ate-2026-02-22-1.md,f
f681f180-50b7-4c32-9c10-365bc0a68391,3f881d63-2b90-441e-9bc1-5033fed2d9f7,instrucoes_seguros (1).txt,"",2026-04-23 14:21:28.987734+00,f26372b2-8ff8-49e4-b59b-5ed62ab3fc44,3f881d63-2b90-441e-9bc1-5033fed2d9f7/1776954088444_1776949301460_instrucoes_seguros-1.txt,f
d79dbb7d-ea10-42aa-b232-509e86cc6f49,150b7f29-a73a-490f-ad4a-2a37371639d5,cCredPres_2025-12-12Public.xlsx,"",2026-04-23 14:21:37.229272+00,f26372b2-8ff8-49e4-b59b-5ed62ab3fc44,150b7f29-a73a-490f-ad4a-2a37371639d5/1776954091005_1776949142876_ccredpres_2025-12-12public.xlsx,f
eb7a9516-0aef-4aaf-b623-75093a0c8330,150b7f29-a73a-490f-ad4a-2a37371639d5,Tabela NCM 2022 com Utrib_Comércio Exterior_vigência 01.02.26.xlsx,"",2026-04-23 14:21:37.229272+00,f26372b2-8ff8-49e4-b59b-5ed62ab3fc44,150b7f29-a73a-490f-ad4a-2a37371639d5/1776954091798_1776949144067_tabela-ncm-2022-com-utrib_comercio-exterior_vigencia-01.02.26.xlsx,f
493ec410-77b3-4bfd-bb90-6a30e3deb56c,150b7f29-a73a-490f-ad4a-2a37371639d5,UF-XX_NT_2025-002_v1-34_RTC_NF-e_IBS_CBS_IS_Texto-Ajustado_ate-2026-02-22 (1).md,"",2026-04-23 14:21:37.229272+00,f26372b2-8ff8-49e4-b59b-5ed62ab3fc44,150b7f29-a73a-490f-ad4a-2a37371639d5/1776954092836_1776949145298_uf-xx_nt_2025-002_v1-34_rtc_nf-e_ibs_cbs_is_texto-ajustado_ate-2026-02-22-1.md,f
69c28512-48b0-41f2-bc88-592c51c090b0,150b7f29-a73a-490f-ad4a-2a37371639d5,cClassTrib 2026_04_15.xlsx,"",2026-04-23 14:21:37.229272+00,f26372b2-8ff8-49e4-b59b-5ed62ab3fc44,150b7f29-a73a-490f-ad4a-2a37371639d5/1776954093699_1776949146007_cclasstrib-2026_04_15.xlsx,f
8f88f918-bbac-4a31-8eeb-cd2188c5c16d,150b7f29-a73a-490f-ad4a-2a37371639d5,prompt (2).txt,"",2026-04-23 14:21:37.229272+00,f26372b2-8ff8-49e4-b59b-5ed62ab3fc44,150b7f29-a73a-490f-ad4a-2a37371639d5/1776954094510_1776949146699_prompt-2.txt,f
691e4812-2c0d-4f62-987c-a70900d7b484,150b7f29-a73a-490f-ad4a-2a37371639d5,leicomplementar-214-16-janeiro-2025-796905-normaatualizada-pl (1).docx,"",2026-04-23 14:21:37.229272+00,f26372b2-8ff8-49e4-b59b-5ed62ab3fc44,150b7f29-a73a-490f-ad4a-2a37371639d5/1776954095240_1776949147528_leicomplementar-214-16-janeiro-2025-796905-normaatualizada-pl-1.docx,f
db6ba687-1dcb-43ff-b965-81fbdb77d039,150b7f29-a73a-490f-ad4a-2a37371639d5,UF-XX_manual-de-orientacao-ao-contribuinte-moc-versao-70-nf-e-e-nfc-e_Texto-Ajustado_ate-2026-02-22 (1).md,"",2026-04-23 14:21:37.229272+00,f26372b2-8ff8-49e4-b59b-5ed62ab3fc44,150b7f29-a73a-490f-ad4a-2a37371639d5/1776954096502_1776949148598_uf-xx_manual-de-orientacao-ao-contribuinte-moc-versao-70-nf-e-e-nfc-e_texto-ajustado_ate-2026-02-22-1.md,f
1c9f349c-96ec-44fd-8e16-4fa61ef4701a,7d66dddf-1e0f-4fa1-a386-fdb8f5ddf9c1,excel.txt,"",2026-04-23 14:21:41.858365+00,f26372b2-8ff8-49e4-b59b-5ed62ab3fc44,7d66dddf-1e0f-4fa1-a386-fdb8f5ddf9c1/1776954101438_1776948833892_excel.txt,f
eb3526b7-0d61-4880-af54-d432b493572c,b8b069f2-31ed-4f6a-997b-6eacc50bd2d4,prompt (1).txt,"",2026-04-23 14:21:47.053458+00,f26372b2-8ff8-49e4-b59b-5ed62ab3fc44,b8b069f2-31ed-4f6a-997b-6eacc50bd2d4/1776954104290_1776948748159_prompt-1.txt,f
d4abcaa6-8bb1-4e73-8034-533499ca85a0,b8b069f2-31ed-4f6a-997b-6eacc50bd2d4,UF-XX_UNIFICADO_Texto-Ajustado_ate-2026-03-31.md,"",2026-04-23 14:21:47.053458+00,f26372b2-8ff8-49e4-b59b-5ed62ab3fc44,b8b069f2-31ed-4f6a-997b-6eacc50bd2d4/1776954106218_1776948749095_uf-xx_unificado_texto-ajustado_ate-2026-03-31.md,f
543294a9-b74d-4e1a-9a54-c8788505b8f1,33201fe2-eea4-4d6d-a480-9c1ffd73e2b5,GPT_Financeiro_Cobrança.txt,"",2026-04-23 14:21:52.598138+00,f26372b2-8ff8-49e4-b59b-5ed62ab3fc44,33201fe2-eea4-4d6d-a480-9c1ffd73e2b5/1776954110941_1776948437093_gpt_financeiro_cobranca.txt,f
c498b7ec-1586-4eaf-94e3-613c66f3c82f,33201fe2-eea4-4d6d-a480-9c1ffd73e2b5,system_protection (1).txt,"",2026-04-23 14:21:52.598138+00,f26372b2-8ff8-49e4-b59b-5ed62ab3fc44,33201fe2-eea4-4d6d-a480-9c1ffd73e2b5/1776954112168_1776948438025_system_protection-1.txt,f
41f1d975-c4ae-44bc-b79a-b91567d84c55,73a8424a-f8b7-421e-9180-ceeb5ef78bac,Instrucoes_comHTML.txt,"",2026-04-23 14:21:55.561412+00,f26372b2-8ff8-49e4-b59b-5ed62ab3fc44,73a8424a-f8b7-421e-9180-ceeb5ef78bac/1776954115129_1776948313294_instrucoes_comhtml.txt,f
5e727246-b899-4006-ba4c-7656cb2d78a2,221d8884-78dd-4977-af86-ec9bb516a010,system_protection.txt,"",2026-04-23 14:21:59.670233+00,f26372b2-8ff8-49e4-b59b-5ed62ab3fc44,221d8884-78dd-4977-af86-ec9bb516a010/1776954117985_1776948131825_system_protection.txt,f
ba89a270-81de-4b11-90e5-6bd85fc728b8,221d8884-78dd-4977-af86-ec9bb516a010,Instrucoes_gpt_bp_dre.txt,"",2026-04-23 14:21:59.670233+00,f26372b2-8ff8-49e4-b59b-5ed62ab3fc44,221d8884-78dd-4977-af86-ec9bb516a010/1776954119252_1776948133263_instrucoes_gpt_bp_dre.txt,f
5078407c-1e08-476b-86be-303883c9e07d,5fd6067b-a8a4-43ed-951e-46a85e4159f2,prompt.txt,"",2026-04-23 14:22:02.660298+00,f26372b2-8ff8-49e4-b59b-5ed62ab3fc44,5fd6067b-a8a4-43ed-951e-46a85e4159f2/1776954122223_1776948009475_prompt.txt,f
4a9aa7ba-ae12-4f15-881c-f8bd5e8eeb96,8afb87d7-ac1f-4e6f-bc05-023a999fbcc1,prompt.txt,"",2026-04-23 14:22:05.53036+00,f26372b2-8ff8-49e4-b59b-5ed62ab3fc44,8afb87d7-ac1f-4e6f-bc05-023a999fbcc1/1776954125064_1776947746023_prompt.txt,f
c249e857-8fa9-405b-9e84-819de94fd9d1,83d26d7b-40e3-413c-8e62-a829ccd4f132,Base_de_Conhecimento_RDD10_Modulo_1 PDF (1).pdf,"",2026-04-23 14:23:56.164506+00,f26372b2-8ff8-49e4-b59b-5ed62ab3fc44,83d26d7b-40e3-413c-8e62-a829ccd4f132/1776954192862_1776947414961_base_de_conhecimento_rdd10_modulo_1-pdf-1.pdf,f
4599ae3e-6d23-4cc6-9f10-f76e5e64abdb,83d26d7b-40e3-413c-8e62-a829ccd4f132,APOSTILAS (1).docx,"",2026-04-23 14:23:56.164506+00,f26372b2-8ff8-49e4-b59b-5ed62ab3fc44,83d26d7b-40e3-413c-8e62-a829ccd4f132/1776954232096_1776947450735_apostilas-1.docx,f
2abec732-3232-4358-ab27-ccdc08694f06,83d26d7b-40e3-413c-8e62-a829ccd4f132,Base_de_Conhecimento_RDD10_Modulo_1 (1).docx,"",2026-04-23 14:23:56.164506+00,f26372b2-8ff8-49e4-b59b-5ed62ab3fc44,83d26d7b-40e3-413c-8e62-a829ccd4f132/1776954234554_1776947452451_base_de_conhecimento_rdd10_modulo_1-1.docx,f
4fad5364-2d72-44c4-a4a7-8fbaccfa69d7,83d26d7b-40e3-413c-8e62-a829ccd4f132,SUMARIO (1).txt,"",2026-04-23 14:23:56.164506+00,f26372b2-8ff8-49e4-b59b-5ed62ab3fc44,83d26d7b-40e3-413c-8e62-a829ccd4f132/1776954235716_1776947453007_sumario-1.txt,f
1abedbf7-a762-4986-af11-66942b33a948,be626d0c-8a38-48d4-9c91-ce0758eea87c,7 AO 10.pdf,"",2026-04-23 14:25:28.955155+00,f26372b2-8ff8-49e4-b59b-5ed62ab3fc44,be626d0c-8a38-48d4-9c91-ce0758eea87c/1776954257283_1776947227980_7-ao-10.pdf,f
a5e58d18-5e7f-41a3-87f0-b2e382b39d38,be626d0c-8a38-48d4-9c91-ce0758eea87c,1 AO 6.pdf,"",2026-04-23 14:25:28.955155+00,f26372b2-8ff8-49e4-b59b-5ed62ab3fc44,be626d0c-8a38-48d4-9c91-ce0758eea87c/1776954312211_1776947249504_1-ao-6.pdf,f
f5203cee-79a3-4888-9a75-36bf0878bafb,65b5b4a5-059a-4c35-86fc-66315161b6aa,7 AO 10.pdf,"",2026-04-23 14:41:49.618374+00,f26372b2-8ff8-49e4-b59b-5ed62ab3fc44,65b5b4a5-059a-4c35-86fc-66315161b6aa/1776955272040_1776947227980_7-ao-10.pdf,f
734a844c-207e-40df-9cb7-1213a7570a20,65b5b4a5-059a-4c35-86fc-66315161b6aa,1 AO 6.pdf,"",2026-04-23 14:41:49.618374+00,f26372b2-8ff8-49e4-b59b-5ed62ab3fc44,65b5b4a5-059a-4c35-86fc-66315161b6aa/1776955296687_1776947249504_1-ao-6.pdf,f
90bea664-19dd-4df3-a345-47b8308dea40,245d4e81-5ee3-4897-813c-8990114ffb26,Base_de_Conhecimento_RDD10_Modulo_1 PDF (1).pdf,"",2026-04-23 14:43:16.867541+00,f26372b2-8ff8-49e4-b59b-5ed62ab3fc44,245d4e81-5ee3-4897-813c-8990114ffb26/1776955347360_1776947414961_base_de_conhecimento_rdd10_modulo_1-pdf-1.pdf,f
f505c923-3b4c-4233-87f1-4c86786c06f0,245d4e81-5ee3-4897-813c-8990114ffb26,APOSTILAS (1).docx,"",2026-04-23 14:43:16.867541+00,f26372b2-8ff8-49e4-b59b-5ed62ab3fc44,245d4e81-5ee3-4897-813c-8990114ffb26/1776955392693_1776947450735_apostilas-1.docx,f
b636194b-87ec-4bb7-80c8-f8b63c3560d1,245d4e81-5ee3-4897-813c-8990114ffb26,Base_de_Conhecimento_RDD10_Modulo_1 (1).docx,"",2026-04-23 14:43:16.867541+00,f26372b2-8ff8-49e4-b59b-5ed62ab3fc44,245d4e81-5ee3-4897-813c-8990114ffb26/1776955395014_1776947452451_base_de_conhecimento_rdd10_modulo_1-1.docx,f
792492b9-277b-426f-b1aa-91dce0fcc12a,245d4e81-5ee3-4897-813c-8990114ffb26,SUMARIO (1).txt,"",2026-04-23 14:43:16.867541+00,f26372b2-8ff8-49e4-b59b-5ed62ab3fc44,245d4e81-5ee3-4897-813c-8990114ffb26/1776955396364_1776947453007_sumario-1.txt,f
3cdbad24-e258-416f-bf72-215d773182ef,23c569d8-3794-41eb-9d59-6b7d0262fa86,prompt.txt,"",2026-04-23 14:43:19.51596+00,f26372b2-8ff8-49e4-b59b-5ed62ab3fc44,23c569d8-3794-41eb-9d59-6b7d0262fa86/1776955399092_1776947746023_prompt.txt,f
8d037d5f-9df1-4d65-b803-ef1356b4f2fa,0a969532-fae7-4d59-b2fc-69edcf8880ff,prompt.txt,"",2026-04-23 14:43:22.047568+00,f26372b2-8ff8-49e4-b59b-5ed62ab3fc44,0a969532-fae7-4d59-b2fc-69edcf8880ff/1776955401593_1776948009475_prompt.txt,f
fb47e154-187a-429a-9c42-898c34ee4689,2039743d-02f6-450b-96a7-52a314de0057,system_protection.txt,"",2026-04-23 14:43:25.462131+00,f26372b2-8ff8-49e4-b59b-5ed62ab3fc44,2039743d-02f6-450b-96a7-52a314de0057/1776955404130_1776948131825_system_protection.txt,f
d25c76b0-77cb-4eed-a139-3e601a86a05b,2039743d-02f6-450b-96a7-52a314de0057,Instrucoes_gpt_bp_dre.txt,"",2026-04-23 14:43:25.462131+00,f26372b2-8ff8-49e4-b59b-5ed62ab3fc44,2039743d-02f6-450b-96a7-52a314de0057/1776955404959_1776948133263_instrucoes_gpt_bp_dre.txt,f
5dc99669-018a-481b-ac1f-e41b421e9abb,cea7e58c-50b3-4667-a2fc-eb2f9bf283b2,Instrucoes_comHTML.txt,"",2026-04-23 14:43:27.97111+00,f26372b2-8ff8-49e4-b59b-5ed62ab3fc44,cea7e58c-50b3-4667-a2fc-eb2f9bf283b2/1776955407533_1776948313294_instrucoes_comhtml.txt,f
75ac6353-e95e-4ded-b6a9-f5b98fd18c7a,aa5a64f4-a727-4c88-a7e2-30553d21df80,Instrucoes_comHTML.txt,"",2026-04-23 14:45:59.207718+00,f26372b2-8ff8-49e4-b59b-5ed62ab3fc44,aa5a64f4-a727-4c88-a7e2-30553d21df80/1776955558148_1776948313294_instrucoes_comhtml.txt,f
baf32c86-98a0-40fc-9c0b-5234cce77e14,06921189-64f5-4e1b-8dc1-59fb91ccd16c,GPT_Financeiro_Cobrança.txt,"",2026-04-23 14:46:02.665505+00,f26372b2-8ff8-49e4-b59b-5ed62ab3fc44,06921189-64f5-4e1b-8dc1-59fb91ccd16c/1776955561364_1776948437093_gpt_financeiro_cobranca.txt,f
3fdbacb8-2f2d-4d5f-a027-f1a40556f465,06921189-64f5-4e1b-8dc1-59fb91ccd16c,system_protection (1).txt,"",2026-04-23 14:46:02.665505+00,f26372b2-8ff8-49e4-b59b-5ed62ab3fc44,06921189-64f5-4e1b-8dc1-59fb91ccd16c/1776955562245_1776948438025_system_protection-1.txt,f
68c0efb5-2fee-4f75-96cc-d6ccbbdee3fa,6191411d-5d92-452e-85c9-370d596fb7de,prompt (1).txt,"",2026-04-23 14:47:55.897178+00,f26372b2-8ff8-49e4-b59b-5ed62ab3fc44,6191411d-5d92-452e-85c9-370d596fb7de/1776955673706_1776948748159_prompt-1.txt,f
01a67349-0c62-46d5-b9ce-8f5b89f1f00a,6191411d-5d92-452e-85c9-370d596fb7de,UF-XX_UNIFICADO_Texto-Ajustado_ate-2026-03-31.md,"",2026-04-23 14:47:55.897178+00,f26372b2-8ff8-49e4-b59b-5ed62ab3fc44,6191411d-5d92-452e-85c9-370d596fb7de/1776955674746_1776948749095_uf-xx_unificado_texto-ajustado_ate-2026-03-31.md,f
2a739776-66e5-4b20-93ae-6eb8f9890548,c55bcdcd-47a5-4c5e-8388-ee9d7409775f,excel.txt,"",2026-04-23 14:47:58.290332+00,f26372b2-8ff8-49e4-b59b-5ed62ab3fc44,c55bcdcd-47a5-4c5e-8388-ee9d7409775f/1776955677875_1776948833892_excel.txt,f
4b67e5e8-e8d6-4f34-b0f5-5a566609baf9,0ec1d0d5-5e37-407f-9963-4a3588bf38ee,instrucoes_seguros (1).txt,"",2026-04-23 14:48:25.392541+00,f26372b2-8ff8-49e4-b59b-5ed62ab3fc44,0ec1d0d5-5e37-407f-9963-4a3588bf38ee/1776955704942_1776949301460_instrucoes_seguros-1.txt,f
7631608c-2bf2-42c8-adef-962b87f3b9ad,5dff7838-012e-42be-b238-1a98d28c6385,cCredPres_2025-12-12Public.xlsx,"",2026-04-23 14:48:38.047935+00,f26372b2-8ff8-49e4-b59b-5ed62ab3fc44,5dff7838-012e-42be-b238-1a98d28c6385/1776955707897_1776949142876_ccredpres_2025-12-12public.xlsx,f
c01ddd87-6c84-47d5-960b-f561f675cf95,5dff7838-012e-42be-b238-1a98d28c6385,Tabela NCM 2022 com Utrib_Comércio Exterior_vigência 01.02.26.xlsx,"",2026-04-23 14:48:38.047935+00,f26372b2-8ff8-49e4-b59b-5ed62ab3fc44,5dff7838-012e-42be-b238-1a98d28c6385/1776955709066_1776949144067_tabela-ncm-2022-com-utrib_comercio-exterior_vigencia-01.02.26.xlsx,f
f35e4778-adbb-486c-b7b6-4a8783201b7c,5dff7838-012e-42be-b238-1a98d28c6385,UF-XX_NT_2025-002_v1-34_RTC_NF-e_IBS_CBS_IS_Texto-Ajustado_ate-2026-02-22 (1).md,"",2026-04-23 14:48:38.047935+00,f26372b2-8ff8-49e4-b59b-5ed62ab3fc44,5dff7838-012e-42be-b238-1a98d28c6385/1776955710029_1776949145298_uf-xx_nt_2025-002_v1-34_rtc_nf-e_ibs_cbs_is_texto-ajustado_ate-2026-02-22-1.md,f
63f96608-7035-402a-9f1f-5a24115f0c65,5dff7838-012e-42be-b238-1a98d28c6385,cClassTrib 2026_04_15.xlsx,"",2026-04-23 14:48:38.047935+00,f26372b2-8ff8-49e4-b59b-5ed62ab3fc44,5dff7838-012e-42be-b238-1a98d28c6385/1776955711392_1776949146007_cclasstrib-2026_04_15.xlsx,f
4a97c5dd-349c-4f00-8772-2abbaf0ae612,5dff7838-012e-42be-b238-1a98d28c6385,prompt (2).txt,"",2026-04-23 14:48:38.047935+00,f26372b2-8ff8-49e4-b59b-5ed62ab3fc44,5dff7838-012e-42be-b238-1a98d28c6385/1776955714661_1776949146699_prompt-2.txt,f
3db20656-0bbb-44e2-96a7-40ad72cb3089,5dff7838-012e-42be-b238-1a98d28c6385,leicomplementar-214-16-janeiro-2025-796905-normaatualizada-pl (1).docx,"",2026-04-23 14:48:38.047935+00,f26372b2-8ff8-49e4-b59b-5ed62ab3fc44,5dff7838-012e-42be-b238-1a98d28c6385/1776955715773_1776949147528_leicomplementar-214-16-janeiro-2025-796905-normaatualizada-pl-1.docx,f
ff87382e-0663-48c8-84f3-774ea75ce957,5dff7838-012e-42be-b238-1a98d28c6385,UF-XX_manual-de-orientacao-ao-contribuinte-moc-versao-70-nf-e-e-nfc-e_Texto-Ajustado_ate-2026-02-22 (1).md,"",2026-04-23 14:48:38.047935+00,f26372b2-8ff8-49e4-b59b-5ed62ab3fc44,5dff7838-012e-42be-b238-1a98d28c6385/1776955716996_1776949148598_uf-xx_manual-de-orientacao-ao-contribuinte-moc-versao-70-nf-e-e-nfc-e_texto-ajustado_ate-2026-02-22-1.md,f
