id,source_tool_id,target_tool_id,link_type,created_at
6a89ea1d-4f19-4761-bab6-654c9b072a16,3c75c555-8bab-4d46-ab34-3bcae060be70,2b7ac0c5-9532-429c-b383-bd15f0249f1d,depends_on,2026-03-24 14:12:24.045446+00
a2c6e800-d3a8-40e7-8669-69c2dad9e311,3c75c555-8bab-4d46-ab34-3bcae060be70,44812231-b5ac-4ddd-b2c1-14278b888e30,depends_on,2026-03-24 14:12:28.949459+00
996c5b93-c6dc-4f86-8fcd-1c25e2449f39,3c75c555-8bab-4d46-ab34-3bcae060be70,e99209b9-811d-460c-b3b5-470797d72cd0,depends_on,2026-03-24 14:12:34.122641+00
5f798afd-8693-4770-95bc-83c304f3da48,e16cab3f-d0dc-4e7d-847c-40e980eb44d9,d7925041-6c6a-4ba1-b685-43ea633517e2,depends_on,2026-04-03 14:07:11.682667+00
9f9456f3-2d2a-4b87-993a-cb622da7e45a,7d628112-1b64-4365-93e2-43c92ecd15d8,2f15994a-8a5e-49c0-80f8-4cefb9cc1aca,depends_on,2026-04-07 00:20:02.036274+00
809a718e-784d-4d64-9c15-f19dfe07fefd,72b3f1bf-3e5d-425d-b006-a0c65f6c69c5,9389d2f3-335e-42be-a1a3-309d02d3acf3,depends_on,2026-04-08 17:25:58.170243+00
ef725fbe-2737-486f-9780-1eabcfa09597,048f4f25-e2e0-4cac-8b4d-f01b95ecc3e7,9389d2f3-335e-42be-a1a3-309d02d3acf3,depends_on,2026-04-13 19:07:49.577401+00
f294ddd0-37e3-41c6-a7b2-10549a7f5363,ceeb5abb-de7b-4e1e-8ff3-055dcd2e2c7f,9389d2f3-335e-42be-a1a3-309d02d3acf3,depends_on,2026-04-13 19:11:52.4044+00
5c30bb5d-c333-4310-bb18-48066f7a530f,248a093f-ee70-4479-b731-c3ae93a8be47,9389d2f3-335e-42be-a1a3-309d02d3acf3,depends_on,2026-04-17 17:24:50.536926+00
1fb4aa4d-e311-4076-8a95-c7db76027df4,bc45f508-97b0-4a1a-acb5-430153847253,9389d2f3-335e-42be-a1a3-309d02d3acf3,depends_on,2026-04-17 20:05:05.16184+00
b4f13aaa-7033-4987-9e4a-1b88154657db,7a9861fa-d8ff-461d-ac85-f542432c992e,9389d2f3-335e-42be-a1a3-309d02d3acf3,depends_on,2026-04-17 20:33:21.131569+00
12cf2ae3-ca91-4f91-b30a-8d1e64a7030d,9c789c35-802c-4ccd-a704-05493f988d28,9389d2f3-335e-42be-a1a3-309d02d3acf3,depends_on,2026-04-17 21:53:01.954705+00
20678907-7b50-4a15-8cc5-4e852b5604d1,9ed6e7cd-d39a-42f4-8bab-ee4d93e637c7,9389d2f3-335e-42be-a1a3-309d02d3acf3,depends_on,2026-04-17 21:57:15.810749+00
949d6221-d6de-458a-ae16-7bcb0a9e7a35,ff667688-59d2-46f5-873c-66d22afee36e,9389d2f3-335e-42be-a1a3-309d02d3acf3,depends_on,2026-04-21 19:09:54.150405+00
cd5b65b4-152a-41c7-b7f6-cb5f26f5ab4d,ff667688-59d2-46f5-873c-66d22afee36e,c08a082f-3a1a-4d12-8444-a67469943dbe,depends_on,2026-04-21 19:15:10.889354+00
15007301-5ace-4988-84ef-bc58f342246d,ff667688-59d2-46f5-873c-66d22afee36e,cee2e485-a1f2-4578-9cec-78958d30f30c,depends_on,2026-04-21 19:15:14.392609+00
0d5b5dcd-f5d2-411b-ad83-6d1359be1377,d6b47050-b752-4bab-8188-144b5e02b090,9389d2f3-335e-42be-a1a3-309d02d3acf3,depends_on,2026-04-21 20:25:00.183949+00
21df7b45-c962-4114-83a1-0a35624aa14a,81d57305-91cc-4fa2-be2f-40ae46278c8c,9389d2f3-335e-42be-a1a3-309d02d3acf3,depends_on,2026-04-21 20:26:31.712294+00
38c31c52-d8d4-4527-9be7-78e222260bf7,8dfe043e-870a-4d31-ae8b-a2ab8a24b4ac,9389d2f3-335e-42be-a1a3-309d02d3acf3,depends_on,2026-04-21 20:27:32.134865+00
2d4e1eb3-2ffd-4a7b-bfd8-a996502f881c,526de876-1918-45dd-9038-ae74e6f0d7ec,9389d2f3-335e-42be-a1a3-309d02d3acf3,depends_on,2026-04-21 21:01:41.809998+00
